Name,Pos,sex,religion
Rosy,1,1,1
Afsari,3,2,1
Khan,3,3,1
Asifur,1,1,1
Rahman,3,3,1
Agun,1,1,1
Bulbul,1,1,1
Ahmed,3,3,1
Ferdous,1,3,1
Inam,1,1,1
Jahanara,1,2,1
Mahfuz,1,1,1
Siam,1,1,1
Mizu,1,1,1
Momtaz,1,3,1
Munmun,1,2,1
Nadia,1,2,1
Quazi,1,1,1
Nawshaba,1,2,1
Saifuddin,1,1,1
Saleh,1,1,1
Sharmili,1,2,1
Shila,1,2,1
Tania,1,2,1
Tauquir,1,1,1
Jaya,1,2,1
Ahsan,3,3,1
Nipun,1,3,1
Akter,3,3,1
Alamgir,1,1,1
Akhi,1,2,1
Niloy,1,1,1
Farid,1,1,1
Ali,3,3,1
Samroj,1,1,1
Ajmi,1,3,1
Alvi,1,1,1
Shaina,1,2,1
Amin,1,1,1
Litu,1,1,1
Anam,3,1,1
Black,1,1,1
Anwar,1,1,1
Dolly,1,2,1
Ziaul,1,1,1
Faruq,1,1,1
Apurba,1,1,1
Raisul,1,1,1
Islam,3,3,1
Asad,1,1,1
Afshan,1,1,1
Azad,1,1,1
Prosun,1,1,1
Masum,1,1,1
Aziz,1,1,1
Nurul,1,1,1
Bablu,1,1,1
Fazlur,1,1,1
Babu,1,1,1
Nazmul,1,1,1
Huda,3,1,1
Bachchu,3,1,1
Sadek,1,1,1
Pijush,1,1,2
Bandyopadhyay,3,2,2
Bappa,1,1,1
raj,3,1,1
Bijori,1,2,1
Barkatullah,3,3,1
Afiea,1,2,1
Nusrat,1,2,1
Barsha,1,2,1
Anwara,1,2,1
Begum,3,2,1
Bhowmick,3,3,2
Afsana,1,2,1
Ara,1,2,1
Bindu,1,2,1
Peya,1,2,1
Bipasha,1,2,1
Biswas,3,3,2
Moutushi,1,2,1
Apu,1,3,1
Aruna,1,2,2
Jyotsna,1,2,2
Bobby,1,3,1
Bobita,1,2,1
Amol,1,1,1
Bose,3,3,2
Brishty,1,2,1
Shabnom,1,2,1
Bubly,1,2,1
Champa,1,2,1
Mehbooba,1,2,1
Mahnoor,1,2,1
Chandni,1,2,1
Jayanta,1,1,2
Chattopadhyay,3,3,2
Bappy,1,1,1
Chowdhury,3,3,1
Chanchal,1,1,1
Iftakar,1,1,1
Mehazabien,1,2,1
Naznin,1,2,1
Hasan,3,1,1
Chumki,1,2,1
Tony,1,1,1
Mujibur,1,1,1
Dilu,1,1,1
Intekhab,1,1,1
Dinar,3,1,1
Dipjol,1,1,1
Sumita,1,2,1
Devi,3,2,2
Parveen,1,2,1
Sultana,3,2,1
Diti,1,2,1
Subhash,1,1,2
Dutta,3,3,2
Mamnun,1,2,1
Emon,1,1,1
Lucky,1,3,1
Enam,1,1,1
Humayun,1,1,1
Faridi,3,1,1
Farooque,3,3,1
Leesa,1,2,1
Gazi,3,1,1
Anju,1,2,1
Ghosh,3,3,2
Aparna,1,2,2
Lucy,1,2,1
Tripti,1,2,2
Gomes,3,3,3
Olivia,1,2,3
Gomez,3,3,3
Chitralekha,1,2,2
Guho,3,2,2
Azizul,1,1,1
Hakim,3,1,1
Tarana,1,2,1
Halim,3,3,1
Falguni,1,2,2
Hamid,3,1,1
Moushumi,1,2,1
Enamul,1,1,1
Haque,1,3,1
Amit,1,1,2
Laila,1,2,1
Rawnak,1,1,1
Zahid,1,1,1
Abul,1,1,1
Hayat,3,3,1
Afzal,1,1,1
Hossain,3,1,1
Amjad,1,1,1
Jamaluddin,1,1,1
Nirab,1,1,1
Konnie,1,2,1
Huq,3,3,1
Rashid,3,3,1
Iqbal,3,1,1
Syed ,1,1,1
Islam,3,3,1
Ishita,1,2,1
Zafar ,1,1,1
Rumana ,1,2,1
Ejajul ,1,1,1
Rahsaan,3,3,1
Jahan,3,3,1
Shanta,1,2,1
Sirajul,1,1,1
Tanha ,1,2,1
Jalil,1,1,1
Jamil,1,1,1
Jafrin,1,2,1
Tarin ,1,2,1
Ananta ,1,1,1
Rawshan ,1,3,1
Jashim,3,1,1
Johur,3,1,1
Wahida,1,2,1
Mollick,3,3,1
Jolly,1,2,1
Shahriar,1,1,1
Nazim,1,1,1
Joy,1,1,1
Jyotika,1,2,2
Jyoti,1,2,2
Jayasree,1,2,2
Kabir,1,3,1
Shomi,1,2,1
Kaiser,3,1,1
Abul,1,1,1
Kalam,3,1,1
Ilias,1,1,1
Kanchan,3,1,1
Aupee,1,2,1
Karim,3,3,1
Mosharraf,1,1,1
Tamalika,1,2,2
Karmakar,3,3,2
Khair,1,1,1
Masud,1,1,1
Helal,1,1,1
Khaled,1,1,1
Khalil,1,1,1
Ullah,3,1,1
Rumana,1,2,1
Shakib,1,1,1
Shakil,1,1,1
Shiba,1,2,2
Tariq,1,1,1
Deepa,1,2,1
Khandakar,3,3,1
Khaleda,3,2,1
Aktar,1,3,1
Kolpona,1,2,1
Salauddin,1,1,1
Lavlu,1,1,1
Fateh,1,1,1
Lohani,3,1,1
Ashish,1,1,2
Kumar,3,1,2
Louho,1,1,1
Tawsif,1,1,1
Mahbub,3,1,1
Mahiya,1,2,1
Mahi,1,3,1
Ramendu,1,1,2
Majumdar,3,1,2
Shormi,1,2,2
Mala,1,2,1
Abdullah,1,1,1
al,1,1,1
Mamun,1,1,1
Manna,1,1,1
Masood,1,1,1
Faria,1,2,1
Mazhar,3,1,1
Ferdousi,1,2,1
Mazumder,3,3,1
Sabrin,1,2,1
Meem,1,2,1
Anisur,1,1,1
Milon,1,1,1
Farhana,1,2,1
Mili,1,2,1
Bidya,1,2,2
Sinha,1,2,2
Saha,3,3,2
Mim,1,2,1
Mimi,1,2,1
Toma,1,2,1
Mirza,3,2,1
Rafiath,1,2,1
Rashid,3,3,1
Mithila,1,2,1
Monira,1,2,1
Mithu,1,3,1
Bonna,1,2,1
Prabir,1,1,2
Mitra,3,2,2
Zakia,1,2,1
Bari,3,3,1
Momo,1,2,1
Ashraf,1,1,1
Monalisa,1,2,1
Pori,1,2,1
Moni,1,2,1
Rowshanara,1,2,1
Sadia,1,2,1
Mou,1,2,1
Keramat,1,1,1
Moula,3,1,1
Arman,1,1,1
Parvez,1,1,1
Murad,1,1,1
Golam,1,1,1
Mustafa,3,1,1
Roni,1,1,1
Mustafaa,3,1,1
Suborna,1,2,1
Mousumi,1,2,1
Nayeem,1,3,1
Naila,1,1,1
Nayem,1,1,1
Shamima,1,2,1
Nazneen,1,2,1
Afran,1,1,1
Nisho,1,1,1
Adil,1,1,1
Nobel,1,1,1
Asaduzzaman,1,1,1
Noor,1,3,1
Mita,1,2,1
Shajal,1,1,1
Sabila,1,2,1
Nur,1,3,1
Nuton,1,2,1
Shabnam,1,2,1
Parvin,1,2,1
Jannatul,1,2,1
Ferdoush,3,2,1
Sadika,1,2,1
Popy,1,2,1
Rokeya,1,2,1
Prachy,1,2,2
Alisha,1,2,1
Pradhan,3,3,1
Jahan,3,3,1
Prova,1,2,1
Purnima,1,2,1
Ataur,1,1,1
Rahman,3,3,1
Mashiat,1,2,1
Minar,1,1,1
Taskeen,1,3,1
Wasimul,1,1,1
Rajib,1,1,1
Mahbuba,1,2,1
Islam,3,3,1
Rakhi,1,2,1
Sohel,1,1,1
Rana,1,1,1
Mamunur,1,1,1
Abdur,1,1,1
Razzak,1,1,1
Amaan,1,1,1
Reza,1,1,1
Shampa,1,2,1
Reza,1,1,1
Riaz,1,1,1
Roshan,1,1,2
Rozina,1,2,1
Rubel,1,1,1
Nijhum,1,2,1
Rubina,1,2,1
Dilruba,1,2,1
Yasmeen,1,2,1
Ruhee,1,2,1
Sohana,1,2,1
Saba,1,2,1
Mir,1,1,1
Sabbir,1,1,1
Mishu,1,1,1
Sabbir,1,1,1
Sarika,1,2,1
Shahidul,1,1,1
Alam,1,1,1
Sachchu,1,1,1
Symon,1,1,1
Sadik,1,1,1
Sahara,1,2,1
Arun,1,1,2
Samad,1,1,1
Omar,1,1,1
Sani,1,1,1
Rani,1,2,2
Sarker,3,3,2
Kabori,1,2,1
Sarwar,3,3,1
Misha,1,1,1
Sawdagor,3,3,1
Irfan,1,1,1
Sazzad,1,1,1
Shahiduzzaman,1,1,1
Selim,1,1,1
Chandan,3,1,1
Sen,3,3,2
Shobha,1,2,1
Shabana,1,2,1
Shabnaz,1,2,1
Shabnur,1,2,1
Shafeek,1,1,1
Salman,1,1,1
Shah,3,1,1
Shamsuzzaman,1,1,1
Meher,1,2,1
 Afroz,3,2,1
Shaon,1,3,1
Sharif,1,1,1
Sharif,1,1,1
Shimla,1,2,1
Sumaiya,1,2,1
Shimu,1,2,1
Shirin,1,2,1
Anika,1,2,1
Kabir,3,3,1
Shokh,1,2,1
Arifin,1,1,1
Shuvo,1,1,1
Kusum,1,2,1
Sikder,1,3,2
Richi,1,2,1
Solaiman,3,1,1
Orchita,1,2,1
Sporshia,1,2,1
Sucharita,1,2,2
Anjana,1,2,2
Airin,1,2,1
Shams,3,3,1
Sumon,1,1,1
Tanvin,1,1,1
Sweety,1,2,1
Imrose,1,2,1
Tisha,1,2,1
Tinni,1,2,1
Srabosti,1,2,2
Tanjin,1,2,1
Mahbub,3,1,1
Ujjal,1,1,1
Shatabdi,1,2,1
Wadud,3,3,1
Wasim,1,1,1
Shimul,1,3,1
Yousuf,1,1,1
Mohammad,1,1,1
Zakaria,3,1,1
Aly,3,1,1
Zaker,3,1,1
Iresh,1,1,1
Sara,1,2,1
Baby,1,2,1
Zaman,3,3,1
Dilara,1,2,1
Zaman,3,3,1
Titas,1,1,2
Zia,1,1,1
Imam,1,3,1
Ohit,1,1,1
Ohital,1,1,2
Omio,1,1,1
Ongkar,1,1,2
Onindro,1,1,2
Ornob,1,1,1
Pinakpani,1,1,4
Pingakshi ,1,1,4
Pinkesh,1,1,2
Pitam,1,1,2
Pittesh,1,1,2
Poltu,1,1,1
Pradipt,1,1,2
Pradipta,1,2,2
Prahor,1,1,2
Pralay,1,1,2
Pramathnath,3,1,2
Pramti,1,1,2
Praneswar,1,1,2
Pranshul,1,1,2
Pratiprava,1,2,2
Probal,1,1,1
Probhakor,1,1,2
Prosenjit,1,1,2
Protik,1,1,2
Provakar,1,1,2
Purnava,1,2,2
Purnayu,1,1,2
Pushpendu,1,1,2
Purananda,1,1,2
Purnava,1,2,2
Pyarelel,3,1,2
Nilanjana,1,2,1
Niloy,1,1,1
Nihith,1,1,2
Nirdhar,1,1,2
Nishchita,1,2,4
Oindrila,1,2,2
Oishika,1,2,1
Oishyria,1,2,1
Onamika,1,2,2
Onima,1,2,3
Neelima,1,2,4
Nilima,1,2,1
Prova,1,2,2
Pritha,1,2,1
Proma,1,2,1
Piyasi,1,2,2
Pornolota,1,2,3
Paromita,1,2,1
Pushpo,1,2,2
Rimi,1,2,1
Resha,1,2,2
Reshmi,1,2,4
Roshni,1,2,1
Rosni,1,2,2
Roudri,1,2,1
Runu,1,2,1
Runa,1,2,2
Rupeeya,1,2,3
Rukaia,1,2,3
Rokea,1,2,4
Rupmadhuri,1,2,4
Ripa,1,2,4
Maisha,1,2,1
Mayesha,1,2,1
Mira,1,2,2
Meher,1,2,1
Afroj,1,2,1
Minu,1,2,1
Mina,1,2,1
Mitu,1,2,2
Mita,1,2,1
Mitali,1,2,2
Mrinmoye,1,2,1
Meem,1,2,2
Mou,1,2,1
Moumita,1,2,3
Momo,1,2,4
Mishita,1,2,4
Mehenaz,1,2,1
Monisha,1,2,2
Moina,1,2,1
Moushumi,1,2,1
Moutushi,1,2,1
Tanjia,1,2,1
Tonnima,1,2,1
Trisha,1,2,1
Talha,1,2,1
Tonmoy,1,1,1
Turjo,1,1,1
Tanvir,1,1,2
Tanveer,1,1,2
Tanjil,1,1,3
Tanjeel,1,1,4
Tomal,1,1,4
Taj,1,1,1
Tarana,1,3,1
Tara,1,1,1
Toha,1,3,1
Tula,1,1,1
Takbin,1,1,1
Taher,1,1,1
Taker,1,1,1
Sajid,1,1,1
Sifat,1,1,1
Sikdar,3,1,1
Soikot,1,1,1
Shoikot,1,1,1
Shajib,1,1,1
Shojib,1,1,1
Shohan,1,1,1
Saif,1,1,1
Sun,1,1,1
Sabu,1,1,1
Saad,1,1,1
Sadman,1,1,1
Sadik,3,1,1
Saju,1,1,1
Suja,1,1,1
Setu,1,1,1
Sham,1,1,2
Sayed,1,1,1
Sami,1,1,1
Sani,1,1,1
Suvo,1,1,1
Shuvo,1,1,1
Sabuj,1,1,1
Shabab,1,1,1
Safi,1,1,1
Sakif,1,1,1
Sakib,1,1,1
Siddhartha,1,1,2
Siddhanshu,1,1,2
Sibshankar,1,1,2
Sibaprasad,1,1,2
Shubrajit,1,1,2
Ishaan,1,1,2
Imon,1,1,1
Iman,1,1,1
Iram,1,1,1
Ikram,1,1,1
Ekram,1,1,1
Ehsan,1,1,1
Abir,1,1,1
Abid,1,1,1
Asif,1,1,1
Muiz,1,1,1
Ahmed,3,1,1
Ahsan,1,1,1
Maruf,1,1,1
Masud,1,1,1
Mithun,1,1,1
Mehedi,1,1,1
Mahadi,1,1,1
Maharoof,1,1,1
Majed,1,1,1
Majedish,1,1,1
Malek,1,1,1
Munem,1,1,1
Idris,1,1,1
Imran,1,1,1
Irfan,1,1,1
Imtiaz,1,1,1
Inamul,1,1,1
Enamul,1,1,1
Haque,3,1,1
Indranath,1,1,2
Indra,1,1,2
Ikshan,1,1,1
Ishmam,1,1,1
Ishfaq,1,1,1
Karim,3,1,1
Ivan,1,1,1
Ismail,1,1,1
Islam,3,1,1
Iqbal,3,1,1
Ikbal,3,1,1
Imtiaz,1,1,1
Ishtiaq,1,1,1
Jim,1,1,1
Joy,1,1,1
Jeet,1,1,1
Jian,1,1,1
Zian,1,1,1
Shahed,1,1,1
Shakil,1,1,1
Ahmed,3,1,1
Armaan,1,1,1
Azaad,1,1,1
Bin,2,1,1
Binte,2,2,1
Ibne,2,1,1
Syed,1,1,1
Ullah,3,1,1
Mir,1,1,1
Lashkar,3,1,1
Akhand,3,1,1
Begom,3,2,1
Mirza,1,1,1
Shah,3,1,1
Munshi,1,1,1
Dewan,3,1,1
Gazi,3,1,1
Kazi,1,1,1
Quazi,1,1,1
Kazi,1,1,1
Khan,1,3,1
Chowdhury,3,3,1
Sarker,3,3,1
Haldar,3,3,1
Joarder,3,3,1
Inamdar,3,3,1
Miah,3,3,1
Sarder,3,1,1
Chakladar,3,1,1
Howladar,3,1,1
Dihidar,3,1,1
Bhuiyan,3,3,1
Mustafi,3,1,1
Panni,3,3,1
Lohani,3,3,1
Bhottacharjyo,3,3,2
Bhottacharjo,3,3,2
Bhattcharjee,3,3,2
Bondyopadhyay,3,3,2
Banarjee,3,3,2
Bonik,3,3,2
Bagchi,3,3,2
Bishawas,3,3,2
Bhoumik,3,3,2
Bosu,3,3,2
Chokrobroti,3,3,2
Chakraborty,3,3,2
Chottopadhyay,3,3,2
Chatterjee,3,3,2
Chowdhury,3,3,2
Das,3,3,2
Debroy,3,3,2
Dey,3,3,2
Dotto,3,3,2
Datta,3,3,2
Dutta,3,3,2
Guho,3,3,2
Guha,3,3,2
Sen,3,3,2
Thakur,3,3,2
Chandan,3,3,2
Sorkar,3,3,2
Ray,3,3,2
Pal,3,3,2
Nath,3,3,2
Mitro,3,3,2
Mozumdar,3,3,2
Goswami,3,3,2
Gushami,3,3,2
Ghosh,3,3,2
Gupto,3,3,2
Gupta,3,3,2
Chakma,3,3,4
Mutsuddi,3,3,4
Patyoari,3,3,4
Murong,3,3,4
Ray,3,3,4
Pal,3,3,4
Mohather,3,3,4
Larma,3,3,4
Mutsuddy,3,3,4
Borua,3,3,4
Baruah,3,3,4
Bonik,3,3,4
Tonchongga,3,3,4
Gomej,3,3,3
Holms,3,3,3
Anthony,1,1,3
Robert,1,1,3
Diba,1,2,1
Dina,1,2,1
Dipa,1,2,1
Dipu,1,2,1
Disa,1,2,1
Diti,1,2,1
Diya,1,2,1
Diva,1,2,1
Disu,1,2,1
Doli,1,2,1
Debopriya,1,2,2
Deboshree,1,2,2
Debjyoti,1,2,2
Dev,1,1,2
Dipak,1,1,1
Dipta,1,1,1
Sudipta,1,1,2
Nousheen,1,2,1
Lamiya,1,2,1
Ananya,1,2,1
Hira,1,2,1
Zasaad,2,1,1
Shopnil,1,2,1
Sultana,1,2,1
Danny,1,1,3
Hayder,1,1,1
Rofiq,1,1,1
Jobbar,1,1,1
Borkot,1,1,1
Rahim,1,1,1
Durgesh,1,1,2
Dibbo,3,1,2
Debashish,1,1,2
Roy,3,3,2
Kollol,1,1,1
Ogni,3,1,2
Raoha,1,1,1
Aurangajeb,3,1,2
Rifat,1,1,1
Fazlerabbi,1,1,1
Sadika,1,2,1
Jesmin,2,2,1
Yeasmin,3,2,1
Mrittika,1,2,2
Sejuti,1,2,1
Ayana,1,2,1
Morshed,1,1,1
Ruhul,1,1,1
Shipar,1,1,1
Ali,3,1,1
Misbah,1,1,1
Ajij,2,1,1
Shihab,1,1,1
Abdullah,1,1,1
Raihan,1,1,1
Murad,1,1,1
Salek,1,1,1
Antor,1,1,1
Hossain,2,3,1
Rumi,1,1,1
Nabil,1,1,1
Kaiser,1,1,1
Emon,1,1,1
Ayman,1,1,1
Sadik,3,1,1
Roman,1,1,1
Helal,1,1,1
Himu,1,1,1
Rimu,1,1,1
Babu,1,1,1
Enam,1,1,1
Jahir,1,1,1
Apon,1,1,1
Najib,1,1,1
Wangdu,3,2,4
Bari,1,3,1
Fahad,1,1,1
Faiaz,1,1,1
Farid,1,1,1
Faruk,1,1,1
Fazal,1,1,1
Falguni,1,2,2
Farhan,1,1,1
Ahad,1,1,1
Fatir,1,1,1
Ferdous,1,1,1
Firoz,1,1,1
Fakir,3,1,1
Faiza,1,2,1
Faria,1,2,1
Farhana,1,2,1
Fahima,1,2,1
Fatema,1,2,1
Fouzia,1,2,1
Nobeli,1,2,1
Samsunnahr,1,2,1
Saifunnahar,1,2,1
Hasina,1,2,1
Faezana,1,2,1
Pushpi,1,2,1
Tanu,1,2,1
Tisa,1,2,1
Ara,2,2,1
Tania,1,2,1
Tina,1,2,1
Tuli,1,2,1
Tannima,1,2,1
Mushfika,2,2,1
Mubashshera,2,2,1
Arpita,1,2,1
Orpa,1,2,1
Abedin,3,3,1
Mashrafi,1,1,1
Mortaza,1,1,1
Tipu,1,1,1
Mubashshir,2,1,1
Irash,3,1,1
Ishraq,1,1,1
Micheal,1,1,3
Modhushudhon,2,1,3
Anjumonoara,1,2,1
Anjum,3,3,1
Kantu,1,2,1
Jahangir,1,1,1
Alam,3,1,1
Ashraful,1,1,1
Any,1,2,1
Farnandes,1,1,3
Bushra,1,2,1
Basma,1,2,1
Choiti,1,2,1
Tabassum,1,2,1
Iffat,1,2,1
Jashra,1,2,1
Shondha,1,2,2
Margaret,1,2,3
Costa,3,2,3
Shikha,1,2,3
Rita,3,2,3
Rojario,3,2,3
D'Cruze,3,2,3
Stiphen,1,2,3
Dicosta,3,2,3
Jeniffer,1,2,3
Chakma,3,2,4
Rehnuma,1,2,4
Mariatul,1,2,4
Jannatul,1,2,1
Ashim,1,1,2
Sukumar,1,1,3
Sarah,1,2,1
Anni,1,2,2
Moniratul,1,2,1
Dipannita,1,2,3
Keya,1,2,1
Shuvendu,1,1,4
Shekhar,1,1,4
Cakroborti,3,3,3
Tajmina,1,2,2
Paul,3,2,3
Muntaka,1,2,1
Rvifa,1,2,1
Riva,1,2,1
Layla,1,2,1
Tithi,1,2,1
Turna,1,2,1
Nipu,1,2,1
Khadija,1,2,1
Shuhita,1,2,1
Shagota,1,2,2
Tondra,1,2,1
Ihan,1,1,1
